id,continent_id,name,iso_code,flag,created_at,description,hero_image,latitude,longitude
1,2,Afghanistan,AF,🇦🇫,2026-07-06 20:50:40.301831+00,,,33,65
2,3,Aland Islands,AX,🇦🇽,2026-07-06 20:50:40.301831+00,,,60.116667,19.9
3,3,Albania,AL,🇦🇱,2026-07-06 20:50:40.301831+00,,,41,20
4,1,Algeria,DZ,🇩🇿,2026-07-06 20:50:40.301831+00,,,28,3
5,5,American Samoa,AS,🇦🇸,2026-07-06 20:50:40.301831+00,,,-14.33333333,-170
6,3,Andorra,AD,🇦🇩,2026-07-06 20:50:40.301831+00,,,42.5,1.5
7,1,Angola,AO,🇦🇴,2026-07-06 20:50:40.301831+00,,,-12.5,18.5
8,4,Anguilla,AI,🇦🇮,2026-07-06 20:50:40.301831+00,,,18.25,-63.16666666
9,4,Antigua and Barbuda,AG,🇦🇬,2026-07-06 20:50:40.301831+00,,,17.05,-61.8
10,6,Argentina,AR,🇦🇷,2026-07-06 20:50:40.301831+00,,,-34,-64
11,2,Armenia,AM,🇦🇲,2026-07-06 20:50:40.301831+00,,,40,45
12,4,Aruba,AW,🇦🇼,2026-07-06 20:50:40.301831+00,,,12.5,-69.96666666
13,5,Australia,AU,🇦🇺,2026-07-06 20:50:40.301831+00,,,-27,133
14,3,Austria,AT,🇦🇹,2026-07-06 20:50:40.301831+00,,,47.33333333,13.33333333
15,2,Azerbaijan,AZ,🇦🇿,2026-07-06 20:50:40.301831+00,,,40.5,47.5
16,2,Bahrain,BH,🇧🇭,2026-07-06 20:50:40.301831+00,,,26,50.55
17,2,Bangladesh,BD,🇧🇩,2026-07-06 20:50:40.301831+00,,,24,90
18,4,Barbados,BB,🇧🇧,2026-07-06 20:50:40.301831+00,,,13.16666666,-59.53333333
19,3,Belarus,BY,🇧🇾,2026-07-06 20:50:40.301831+00,,,53,28
20,3,Belgium,BE,🇧🇪,2026-07-06 20:50:40.301831+00,,,50.83333333,4
21,4,Belize,BZ,🇧🇿,2026-07-06 20:50:40.301831+00,,,17.25,-88.75
22,1,Benin,BJ,🇧🇯,2026-07-06 20:50:40.301831+00,,,9.5,2.25
23,4,Bermuda,BM,🇧🇲,2026-07-06 20:50:40.301831+00,,,32.33333333,-64.75
24,2,Bhutan,BT,🇧🇹,2026-07-06 20:50:40.301831+00,,,27.5,90.5
25,6,Bolivia,BO,🇧🇴,2026-07-06 20:50:40.301831+00,,,-17,-65
26,4,"Bonaire, Sint Eustatius and Saba",BQ,🇧🇶,2026-07-06 20:50:40.301831+00,,,12.15,-68.266667
27,3,Bosnia and Herzegovina,BA,🇧🇦,2026-07-06 20:50:40.301831+00,,,44,18
28,1,Botswana,BW,🇧🇼,2026-07-06 20:50:40.301831+00,,,-22,24
29,6,Brazil,BR,🇧🇷,2026-07-06 20:50:40.301831+00,,,-10,-55
30,1,British Indian Ocean Territory,IO,🇮🇴,2026-07-06 20:50:40.301831+00,,,-6,71.5
31,2,Brunei,BN,🇧🇳,2026-07-06 20:50:40.301831+00,,,4.5,114.66666666
32,3,Bulgaria,BG,🇧🇬,2026-07-06 20:50:40.301831+00,,,43,25
33,1,Burkina Faso,BF,🇧🇫,2026-07-06 20:50:40.301831+00,,,13,-2
34,1,Burundi,BI,🇧🇮,2026-07-06 20:50:40.301831+00,,,-3.5,30
35,2,Cambodia,KH,🇰🇭,2026-07-06 20:50:40.301831+00,,,13,105
36,1,Cameroon,CM,🇨🇲,2026-07-06 20:50:40.301831+00,,,6,12
37,4,Canada,CA,🇨🇦,2026-07-06 20:50:40.301831+00,,,60,-95
38,1,Cape Verde,CV,🇨🇻,2026-07-06 20:50:40.301831+00,,,16,-24
39,4,Cayman Islands,KY,🇰🇾,2026-07-06 20:50:40.301831+00,,,19.5,-80.5
40,1,Central African Republic,CF,🇨🇫,2026-07-06 20:50:40.301831+00,,,7,21
41,1,Chad,TD,🇹🇩,2026-07-06 20:50:40.301831+00,,,15,19
42,6,Chile,CL,🇨🇱,2026-07-06 20:50:40.301831+00,,,-30,-71
43,2,China,CN,🇨🇳,2026-07-06 20:50:40.301831+00,,,35,105
44,5,Christmas Island,CX,🇨🇽,2026-07-06 20:50:40.301831+00,,,-10.5,105.66666666
45,5,Cocos (Keeling) Islands,CC,🇨🇨,2026-07-06 20:50:40.301831+00,,,-12.5,96.83333333
46,6,Colombia,CO,🇨🇴,2026-07-06 20:50:40.301831+00,,,4,-72
47,1,Comoros,KM,🇰🇲,2026-07-06 20:50:40.301831+00,,,-12.16666666,44.25
48,1,Congo,CG,🇨🇬,2026-07-06 20:50:40.301831+00,,,-1,15
49,5,Cook Islands,CK,🇨🇰,2026-07-06 20:50:40.301831+00,,,-21.23333333,-159.76666666
50,4,Costa Rica,CR,🇨🇷,2026-07-06 20:50:40.301831+00,,,10,-84
51,3,Croatia,HR,🇭🇷,2026-07-06 20:50:40.301831+00,,,45.16666666,15.5
52,4,Cuba,CU,🇨🇺,2026-07-06 20:50:40.301831+00,,,21.5,-80
53,4,Curaçao,CW,🇨🇼,2026-07-06 20:50:40.301831+00,,,12.116667,-68.933333
54,3,Cyprus,CY,🇨🇾,2026-07-06 20:50:40.301831+00,,,35,33
55,3,Czech Republic,CZ,🇨🇿,2026-07-06 20:50:40.301831+00,,,49.75,15.5
56,1,Democratic Republic of the Congo,CD,🇨🇩,2026-07-06 20:50:40.301831+00,,,0,25
57,3,Denmark,DK,🇩🇰,2026-07-06 20:50:40.301831+00,,,56,10
58,1,Djibouti,DJ,🇩🇯,2026-07-06 20:50:40.301831+00,,,11.5,43
59,4,Dominica,DM,🇩🇲,2026-07-06 20:50:40.301831+00,,,15.41666666,-61.33333333
60,4,Dominican Republic,DO,🇩🇴,2026-07-06 20:50:40.301831+00,,,19,-70.66666666
61,6,Ecuador,EC,🇪🇨,2026-07-06 20:50:40.301831+00,,,-2,-77.5
62,1,Egypt,EG,🇪🇬,2026-07-06 20:50:40.301831+00,,,27,30
63,4,El Salvador,SV,🇸🇻,2026-07-06 20:50:40.301831+00,,,13.83333333,-88.91666666
64,1,Equatorial Guinea,GQ,🇬🇶,2026-07-06 20:50:40.301831+00,,,2,10
65,1,Eritrea,ER,🇪🇷,2026-07-06 20:50:40.301831+00,,,15,39
66,3,Estonia,EE,🇪🇪,2026-07-06 20:50:40.301831+00,,,59,26
67,1,Eswatini,SZ,🇸🇿,2026-07-06 20:50:40.301831+00,,,-26.5,31.5
68,1,Ethiopia,ET,🇪🇹,2026-07-06 20:50:40.301831+00,,,8,38
69,6,Falkland Islands,FK,🇫🇰,2026-07-06 20:50:40.301831+00,,,-51.75,-59
70,3,Faroe Islands,FO,🇫🇴,2026-07-06 20:50:40.301831+00,,,62,-7
71,5,Fiji Islands,FJ,🇫🇯,2026-07-06 20:50:40.301831+00,,,-18,175
72,3,Finland,FI,🇫🇮,2026-07-06 20:50:40.301831+00,,,64,26
73,3,France,FR,🇫🇷,2026-07-06 20:50:40.301831+00,,,46,2
74,6,French Guiana,GF,🇬🇫,2026-07-06 20:50:40.301831+00,,,4,-53
75,5,French Polynesia,PF,🇵🇫,2026-07-06 20:50:40.301831+00,,,-15,-140
76,1,French Southern Territories,TF,🇹🇫,2026-07-06 20:50:40.301831+00,,,-49.25,69.167
77,1,Gabon,GA,🇬🇦,2026-07-06 20:50:40.301831+00,,,-1,11.75
78,2,Georgia,GE,🇬🇪,2026-07-06 20:50:40.301831+00,,,42,43.5
79,3,Germany,DE,🇩🇪,2026-07-06 20:50:40.301831+00,,,51,9
80,1,Ghana,GH,🇬🇭,2026-07-06 20:50:40.301831+00,,,8,-2
81,3,Gibraltar,GI,🇬🇮,2026-07-06 20:50:40.301831+00,,,36.13333333,-5.35
82,3,Greece,GR,🇬🇷,2026-07-06 20:50:40.301831+00,,,39,22
83,4,Greenland,GL,🇬🇱,2026-07-06 20:50:40.301831+00,,,72,-40
84,4,Grenada,GD,🇬🇩,2026-07-06 20:50:40.301831+00,,,12.11666666,-61.66666666
85,4,Guadeloupe,GP,🇬🇵,2026-07-06 20:50:40.301831+00,,,16.25,-61.583333
86,5,Guam,GU,🇬🇺,2026-07-06 20:50:40.301831+00,,,13.46666666,144.78333333
87,4,Guatemala,GT,🇬🇹,2026-07-06 20:50:40.301831+00,,,15.5,-90.25
88,3,Guernsey,GG,🇬🇬,2026-07-06 20:50:40.301831+00,,,49.46666666,-2.58333333
89,1,Guinea,GN,🇬🇳,2026-07-06 20:50:40.301831+00,,,11,-10
90,1,Guinea-Bissau,GW,🇬🇼,2026-07-06 20:50:40.301831+00,,,12,-15
91,6,Guyana,GY,🇬🇾,2026-07-06 20:50:40.301831+00,,,5,-59
92,4,Haiti,HT,🇭🇹,2026-07-06 20:50:40.301831+00,,,19,-72.41666666
93,4,Honduras,HN,🇭🇳,2026-07-06 20:50:40.301831+00,,,15,-86.5
94,2,Hong Kong S.A.R.,HK,🇭🇰,2026-07-06 20:50:40.301831+00,,,22.25,114.16666666
95,3,Hungary,HU,🇭🇺,2026-07-06 20:50:40.301831+00,,,47,20
96,3,Iceland,IS,🇮🇸,2026-07-06 20:50:40.301831+00,,,65,-18
97,2,India,IN,🇮🇳,2026-07-06 20:50:40.301831+00,,,20,77
98,2,Indonesia,ID,🇮🇩,2026-07-06 20:50:40.301831+00,,,-5,120
99,2,Iran,IR,🇮🇷,2026-07-06 20:50:40.301831+00,,,32,53
100,2,Iraq,IQ,🇮🇶,2026-07-06 20:50:40.301831+00,,,33,44
101,3,Ireland,IE,🇮🇪,2026-07-06 20:50:40.301831+00,,,53,-8
102,2,Israel,IL,🇮🇱,2026-07-06 20:50:40.301831+00,,,31.5,34.75
103,3,Italy,IT,🇮🇹,2026-07-06 20:50:40.301831+00,,,42.83333333,12.83333333
104,1,Ivory Coast,CI,🇨🇮,2026-07-06 20:50:40.301831+00,,,8,-5
105,4,Jamaica,JM,🇯🇲,2026-07-06 20:50:40.301831+00,,,18.25,-77.5
106,2,Japan,JP,🇯🇵,2026-07-06 20:50:40.301831+00,,,36,138
107,3,Jersey,JE,🇯🇪,2026-07-06 20:50:40.301831+00,,,49.25,-2.16666666
108,2,Jordan,JO,🇯🇴,2026-07-06 20:50:40.301831+00,,,31,36
109,2,Kazakhstan,KZ,🇰🇿,2026-07-06 20:50:40.301831+00,,,48,68
110,1,Kenya,KE,🇰🇪,2026-07-06 20:50:40.301831+00,,,1,38
111,5,Kiribati,KI,🇰🇮,2026-07-06 20:50:40.301831+00,,,1.41666666,173
112,3,Kosovo,XK,🇽🇰,2026-07-06 20:50:40.301831+00,,,42.5612909,20.3403035
113,2,Kuwait,KW,🇰🇼,2026-07-06 20:50:40.301831+00,,,29.5,45.75
114,2,Kyrgyzstan,KG,🇰🇬,2026-07-06 20:50:40.301831+00,,,41,75
115,2,Laos,LA,🇱🇦,2026-07-06 20:50:40.301831+00,,,18,105
116,3,Latvia,LV,🇱🇻,2026-07-06 20:50:40.301831+00,,,57,25
117,2,Lebanon,LB,🇱🇧,2026-07-06 20:50:40.301831+00,,,33.83333333,35.83333333
118,1,Lesotho,LS,🇱🇸,2026-07-06 20:50:40.301831+00,,,-29.5,28.5
119,1,Liberia,LR,🇱🇷,2026-07-06 20:50:40.301831+00,,,6.5,-9.5
120,1,Libya,LY,🇱🇾,2026-07-06 20:50:40.301831+00,,,25,17
121,3,Liechtenstein,LI,🇱🇮,2026-07-06 20:50:40.301831+00,,,47.26666666,9.53333333
122,3,Lithuania,LT,🇱🇹,2026-07-06 20:50:40.301831+00,,,56,24
123,3,Luxembourg,LU,🇱🇺,2026-07-06 20:50:40.301831+00,,,49.75,6.16666666
124,2,Macau S.A.R.,MO,🇲🇴,2026-07-06 20:50:40.301831+00,,,22.16666666,113.55
125,1,Madagascar,MG,🇲🇬,2026-07-06 20:50:40.301831+00,,,-20,47
126,1,Malawi,MW,🇲🇼,2026-07-06 20:50:40.301831+00,,,-13.5,34
127,2,Malaysia,MY,🇲🇾,2026-07-06 20:50:40.301831+00,,,2.5,112.5
128,2,Maldives,MV,🇲🇻,2026-07-06 20:50:40.301831+00,,,3.25,73
129,1,Mali,ML,🇲🇱,2026-07-06 20:50:40.301831+00,,,17,-4
130,3,Malta,MT,🇲🇹,2026-07-06 20:50:40.301831+00,,,35.83333333,14.58333333
131,3,Man (Isle of),IM,🇮🇲,2026-07-06 20:50:40.301831+00,,,54.25,-4.5
132,5,Marshall Islands,MH,🇲🇭,2026-07-06 20:50:40.301831+00,,,9,168
133,4,Martinique,MQ,🇲🇶,2026-07-06 20:50:40.301831+00,,,14.666667,-61
134,1,Mauritania,MR,🇲🇷,2026-07-06 20:50:40.301831+00,,,20,-12
135,1,Mauritius,MU,🇲🇺,2026-07-06 20:50:40.301831+00,,,-20.28333333,57.55
136,1,Mayotte,YT,🇾🇹,2026-07-06 20:50:40.301831+00,,,-12.83333333,45.16666666
137,4,Mexico,MX,🇲🇽,2026-07-06 20:50:40.301831+00,,,23,-102
138,5,Micronesia,FM,🇫🇲,2026-07-06 20:50:40.301831+00,,,6.91666666,158.25
139,3,Moldova,MD,🇲🇩,2026-07-06 20:50:40.301831+00,,,47,29
140,3,Monaco,MC,🇲🇨,2026-07-06 20:50:40.301831+00,,,43.73333333,7.4
141,2,Mongolia,MN,🇲🇳,2026-07-06 20:50:40.301831+00,,,46,105
142,3,Montenegro,ME,🇲🇪,2026-07-06 20:50:40.301831+00,,,42.5,19.3
143,4,Montserrat,MS,🇲🇸,2026-07-06 20:50:40.301831+00,,,16.75,-62.2
144,1,Morocco,MA,🇲🇦,2026-07-06 20:50:40.301831+00,,,32,-5
145,1,Mozambique,MZ,🇲🇿,2026-07-06 20:50:40.301831+00,,,-18.25,35
146,2,Myanmar,MM,🇲🇲,2026-07-06 20:50:40.301831+00,,,22,98
147,1,Namibia,NA,🇳🇦,2026-07-06 20:50:40.301831+00,,,-22,17
148,5,Nauru,NR,🇳🇷,2026-07-06 20:50:40.301831+00,,,-0.53333333,166.91666666
149,2,Nepal,NP,🇳🇵,2026-07-06 20:50:40.301831+00,,,28,84
150,3,Netherlands,NL,🇳🇱,2026-07-06 20:50:40.301831+00,,,52.5,5.75
151,5,New Caledonia,NC,🇳🇨,2026-07-06 20:50:40.301831+00,,,-21.5,165.5
152,5,New Zealand,NZ,🇳🇿,2026-07-06 20:50:40.301831+00,,,-41,174
153,4,Nicaragua,NI,🇳🇮,2026-07-06 20:50:40.301831+00,,,13,-85
154,1,Niger,NE,🇳🇪,2026-07-06 20:50:40.301831+00,,,16,8
155,1,Nigeria,NG,🇳🇬,2026-07-06 20:50:40.301831+00,,,10,8
156,5,Niue,NU,🇳🇺,2026-07-06 20:50:40.301831+00,,,-19.03333333,-169.86666666
157,5,Norfolk Island,NF,🇳🇫,2026-07-06 20:50:40.301831+00,,,-29.03333333,167.95
158,2,North Korea,KP,🇰🇵,2026-07-06 20:50:40.301831+00,,,40,127
159,3,North Macedonia,MK,🇲🇰,2026-07-06 20:50:40.301831+00,,,41.83333333,22
160,5,Northern Mariana Islands,MP,🇲🇵,2026-07-06 20:50:40.301831+00,,,15.2,145.75
161,3,Norway,NO,🇳🇴,2026-07-06 20:50:40.301831+00,,,62,10
162,2,Oman,OM,🇴🇲,2026-07-06 20:50:40.301831+00,,,21,57
163,2,Pakistan,PK,🇵🇰,2026-07-06 20:50:40.301831+00,,,30,70
164,5,Palau,PW,🇵🇼,2026-07-06 20:50:40.301831+00,,,7.5,134.5
165,2,Palestinian Territory Occupied,PS,🇵🇸,2026-07-06 20:50:40.301831+00,,,31.9,35.2
166,4,Panama,PA,🇵🇦,2026-07-06 20:50:40.301831+00,,,9,-80
167,5,Papua New Guinea,PG,🇵🇬,2026-07-06 20:50:40.301831+00,,,-6,147
168,6,Paraguay,PY,🇵🇾,2026-07-06 20:50:40.301831+00,,,-23,-58
169,6,Peru,PE,🇵🇪,2026-07-06 20:50:40.301831+00,,,-10,-76
170,2,Philippines,PH,🇵🇭,2026-07-06 20:50:40.301831+00,,,13,122
171,5,Pitcairn Island,PN,🇵🇳,2026-07-06 20:50:40.301831+00,,,-25.06666666,-130.1
172,3,Poland,PL,🇵🇱,2026-07-06 20:50:40.301831+00,,,52,20
173,3,Portugal,PT,🇵🇹,2026-07-06 20:50:40.301831+00,,,39.5,-8
174,4,Puerto Rico,PR,🇵🇷,2026-07-06 20:50:40.301831+00,,,18.25,-66.5
175,2,Qatar,QA,🇶🇦,2026-07-06 20:50:40.301831+00,,,25.5,51.25
176,1,Reunion,RE,🇷🇪,2026-07-06 20:50:40.301831+00,,,-21.15,55.5
177,3,Romania,RO,🇷🇴,2026-07-06 20:50:40.301831+00,,,46,25
178,3,Russia,RU,🇷🇺,2026-07-06 20:50:40.301831+00,,,60,100
179,1,Rwanda,RW,🇷🇼,2026-07-06 20:50:40.301831+00,,,-2,30
180,1,Saint Helena,SH,🇸🇭,2026-07-06 20:50:40.301831+00,,,-15.95,-5.7
181,4,Saint Kitts and Nevis,KN,🇰🇳,2026-07-06 20:50:40.301831+00,,,17.33333333,-62.75
182,4,Saint Lucia,LC,🇱🇨,2026-07-06 20:50:40.301831+00,,,13.88333333,-60.96666666
183,4,Saint Pierre and Miquelon,PM,🇵🇲,2026-07-06 20:50:40.301831+00,,,46.83333333,-56.33333333
184,4,Saint Vincent and the Grenadines,VC,🇻🇨,2026-07-06 20:50:40.301831+00,,,13.25,-61.2
185,4,Saint-Barthelemy,BL,🇧🇱,2026-07-06 20:50:40.301831+00,,,18.5,-63.41666666
186,4,Saint-Martin (French part),MF,🇲🇫,2026-07-06 20:50:40.301831+00,,,18.08333333,-63.95
187,5,Samoa,WS,🇼🇸,2026-07-06 20:50:40.301831+00,,,-13.58333333,-172.33333333
188,3,San Marino,SM,🇸🇲,2026-07-06 20:50:40.301831+00,,,43.76666666,12.41666666
189,1,Sao Tome and Principe,ST,🇸🇹,2026-07-06 20:50:40.301831+00,,,1,7
190,2,Saudi Arabia,SA,🇸🇦,2026-07-06 20:50:40.301831+00,,,25,45
191,1,Senegal,SN,🇸🇳,2026-07-06 20:50:40.301831+00,,,14,-14
192,3,Serbia,RS,🇷🇸,2026-07-06 20:50:40.301831+00,,,44,21
193,1,Seychelles,SC,🇸🇨,2026-07-06 20:50:40.301831+00,,,-4.6574977,55.4540146
194,1,Sierra Leone,SL,🇸🇱,2026-07-06 20:50:40.301831+00,,,8.5,-11.5
195,2,Singapore,SG,🇸🇬,2026-07-06 20:50:40.301831+00,,,1.36666666,103.8
196,4,Sint Maarten (Dutch part),SX,🇸🇽,2026-07-06 20:50:40.301831+00,,,18.033333,-63.05
197,3,Slovakia,SK,🇸🇰,2026-07-06 20:50:40.301831+00,,,48.66666666,19.5
198,3,Slovenia,SI,🇸🇮,2026-07-06 20:50:40.301831+00,,,46.11666666,14.81666666
199,5,Solomon Islands,SB,🇸🇧,2026-07-06 20:50:40.301831+00,,,-8,159
200,1,Somalia,SO,🇸🇴,2026-07-06 20:50:40.301831+00,,,10,49
201,1,South Africa,ZA,🇿🇦,2026-07-06 20:50:40.301831+00,,,-29,24
202,6,South Georgia,GS,🇬🇸,2026-07-06 20:50:40.301831+00,,,-54.5,-37
203,2,South Korea,KR,🇰🇷,2026-07-06 20:50:40.301831+00,,,37,127.5
204,1,South Sudan,SS,🇸🇸,2026-07-06 20:50:40.301831+00,,,7,30
205,3,Spain,ES,🇪🇸,2026-07-06 20:50:40.301831+00,,,40,-4
206,2,Sri Lanka,LK,🇱🇰,2026-07-06 20:50:40.301831+00,,,7,81
207,1,Sudan,SD,🇸🇩,2026-07-06 20:50:40.301831+00,,,15,30
208,6,Suriname,SR,🇸🇷,2026-07-06 20:50:40.301831+00,,,4,-56
209,3,Svalbard and Jan Mayen Islands,SJ,🇸🇯,2026-07-06 20:50:40.301831+00,,,78,20
210,3,Sweden,SE,🇸🇪,2026-07-06 20:50:40.301831+00,,,62,15
211,3,Switzerland,CH,🇨🇭,2026-07-06 20:50:40.301831+00,,,47,8
212,2,Syria,SY,🇸🇾,2026-07-06 20:50:40.301831+00,,,35,38
213,2,Taiwan,TW,🇹🇼,2026-07-06 20:50:40.301831+00,,,23.5,121
214,2,Tajikistan,TJ,🇹🇯,2026-07-06 20:50:40.301831+00,,,39,71
215,1,Tanzania,TZ,🇹🇿,2026-07-06 20:50:40.301831+00,,,-6,35
216,2,Thailand,TH,🇹🇭,2026-07-06 20:50:40.301831+00,,,15,100
217,4,The Bahamas,BS,🇧🇸,2026-07-06 20:50:40.301831+00,,,24.25,-76
218,1,The Gambia,GM,🇬🇲,2026-07-06 20:50:40.301831+00,,,13.46666666,-16.56666666
219,2,Timor-Leste,TL,🇹🇱,2026-07-06 20:50:40.301831+00,,,-8.83333333,125.91666666
220,1,Togo,TG,🇹🇬,2026-07-06 20:50:40.301831+00,,,8,1.16666666
221,5,Tokelau,TK,🇹🇰,2026-07-06 20:50:40.301831+00,,,-9,-172
222,5,Tonga,TO,🇹🇴,2026-07-06 20:50:40.301831+00,,,-20,-175
223,4,Trinidad and Tobago,TT,🇹🇹,2026-07-06 20:50:40.301831+00,,,11,-61
224,1,Tunisia,TN,🇹🇳,2026-07-06 20:50:40.301831+00,,,34,9
225,2,Turkey,TR,🇹🇷,2026-07-06 20:50:40.301831+00,,,39,35
226,2,Turkmenistan,TM,🇹🇲,2026-07-06 20:50:40.301831+00,,,40,60
227,4,Turks and Caicos Islands,TC,🇹🇨,2026-07-06 20:50:40.301831+00,,,21.75,-71.58333333
228,5,Tuvalu,TV,🇹🇻,2026-07-06 20:50:40.301831+00,,,-8,178
229,1,Uganda,UG,🇺🇬,2026-07-06 20:50:40.301831+00,,,1,32
230,3,Ukraine,UA,🇺🇦,2026-07-06 20:50:40.301831+00,,,49,32
231,2,United Arab Emirates,AE,🇦🇪,2026-07-06 20:50:40.301831+00,,,24,54
232,3,United Kingdom,GB,🇬🇧,2026-07-06 20:50:40.301831+00,,,54,-2
233,4,United States,US,🇺🇸,2026-07-06 20:50:40.301831+00,,,38,-97
234,4,United States Minor Outlying Islands,UM,🇺🇲,2026-07-06 20:50:40.301831+00,,,0,0
235,6,Uruguay,UY,🇺🇾,2026-07-06 20:50:40.301831+00,,,-33,-56
236,2,Uzbekistan,UZ,🇺🇿,2026-07-06 20:50:40.301831+00,,,41,64
237,5,Vanuatu,VU,🇻🇺,2026-07-06 20:50:40.301831+00,,,-16,167
238,3,Vatican City State (Holy See),VA,🇻🇦,2026-07-06 20:50:40.301831+00,,,41.9,12.45
239,6,Venezuela,VE,🇻🇪,2026-07-06 20:50:40.301831+00,,,8,-66
240,2,Vietnam,VN,🇻🇳,2026-07-06 20:50:40.301831+00,,,16.16666666,107.83333333
241,4,Virgin Islands (British),VG,🇻🇬,2026-07-06 20:50:40.301831+00,,,18.431383,-64.62305
242,4,Virgin Islands (US),VI,🇻🇮,2026-07-06 20:50:40.301831+00,,,18.34,-64.93
243,5,Wallis and Futuna Islands,WF,🇼🇫,2026-07-06 20:50:40.301831+00,,,-13.3,-176.2
244,1,Western Sahara,EH,🇪🇭,2026-07-06 20:50:40.301831+00,,,24.5,-13
245,2,Yemen,YE,🇾🇪,2026-07-06 20:50:40.301831+00,,,15,48
246,1,Zambia,ZM,🇿🇲,2026-07-06 20:50:40.301831+00,,,-15,30
247,1,Zimbabwe,ZW,🇿🇼,2026-07-06 20:50:40.301831+00,,,-20,30